{
	"class_name" : "ViewTrajectory",
	"interval" : 29,
	"is_loop" : false,
	"trajectory" : 
	[
		{
			"boundingbox_max" : [ 3.9660897254943848, 2.427476167678833, 2.55859375 ],
			"boundingbox_min" : [ 0.55859375, 0.83203125, 0.56663715839385986 ],
			"field_of_view" : 60.0,
			"front" : [ 0.27236083595988803, -0.25567329763523589, -0.92760484038816615 ],
			"lookat" : [ 2.4114965637897101, 1.8070288935660688, 1.5662280268112718 ],
			"up" : [ -0.072779625398507866, -0.96676294585190281, 0.24509698622097265 ],
			"zoom" : 0.47999999999999976
		}
	],
	"version_major" : 1,
	"version_minor" : 0
}
